"","x"
"1","X1016"
"2","X102106"
"3","X1041"
"4","X1047167"
"5","X1060"
"6","X106589"
"7","X106591"
"8","X107"
"9","X1073"
"10","X11007"
"11","X110932"
"12","X12234"
"13","X1243"
"14","X125216"
"15","X1263"
"16","X1269"
"17","X1279"
"18","X1283313"
"19","X12916"
"20","X129337"
"21","X1298"
"22","X1301"
"23","X1350"
"24","X1357"
"25","X13687"
"26","X1375"
"27","X1378"
"28","X1386"
"29","X1485"
"30","X149698"
"31","X150022"
"32","X150173"
"33","X150247"
"34","X1506553"
"35","X1535326"
"36","X157"
"37","X1578"
"38","X162289"
"39","X1654"
"40","X165695"
"41","X165696"
"42","X165697"
"43","X165779"
"44","X1663"
"45","X1678"
"46","X169133"
"47","X1696"
"48","X1716"
"49","X1742993"
"50","X1743"
"51","X174951"
"52","X1763"
"53","X1813"
"54","X1817"
"55","X1822464"
"56","X1827"
"57","X1839"
"58","X1847"
"59","X1847725"
"60","X1860"
"61","X1865"
"62","X1866885"
"63","X1873"
"64","X1883"
"65","X191"
"66","X1912216"
"67","X194"
"68","X195950"
"69","X1982251"
"70","X20"
"71","X201096"
"72","X2034"
"73","X2040"
"74","X2053"
"75","X2093"
"76","X212743"
"77","X215579"
"78","X216851"
"79","X222"
"80","X2282523"
"81","X231454"
"82","X2316020"
"83","X234"
"84","X237"
"85","X238749"
"86","X2490452"
"87","X2529408"
"88","X265"
"89","X2701"
"90","X2706"
"91","X2742598"
"92","X2745"
"93","X2782229"
"94","X28065"
"95","X28067"
"96","X28100"
"97","X28105"
"98","X283"
"99","X28453"
"100","X286"
"101","X29393"
"102","X29404"
"103","X29465"
"104","X29580"
"105","X308865"
"106","X316612"
"107","X31988"
"108","X32008"
"109","X32067"
"110","X32207"
"111","X323620"
"112","X3337"
"113","X338"
"114","X33877"
"115","X33882"
"116","X34072"
"117","X34102"
"118","X3511"
"119","X357"
"120","X3633"
"121","X3655"
"122","X367298"
"123","X36739"
"124","X3689"
"125","X3705"
"126","X374"
"127","X374468"
"128","X375288"
"129","X3754"
"130","X379"
"131","X37914"
"132","X3846"
"133","X38501"
"134","X3913"
"135","X4022"
"136","X40323"
"137","X4038"
"138","X407"
"139","X4107"
"140","X41275"
"141","X423349"
"142","X434"
"143","X43668"
"144","X44249"
"145","X4512"
"146","X4527"
"147","X4539"
"148","X4564"
"149","X4575"
"150","X46123"
"151","X461281"
"152","X4640"
"153","X469"
"154","X46913"
"155","X47420"
"156","X475"
"157","X47670"
"158","X482"
"159","X48736"
"160","X4919"
"161","X4930"
"162","X497"
"163","X501783"
"164","X5027"
"165","X5052"
"166","X5073"
"167","X5094"
"168","X517"
"169","X5206"
"170","X5269"
"171","X528"
"172","X5324"
"173","X53335"
"174","X53387"
"175","X53457"
"176","X54298"
"177","X543311"
"178","X544"
"179","X547"
"180","X5506"
"181","X55193"
"182","X5533"
"183","X5543"
"184","X5579"
"185","X5583"
"186","X55968"
"187","X5598"
"188","X570"
"189","X572511"
"190","X57493"
"191","X57495"
"192","X59"
"193","X59732"
"194","X613"
"195","X63265"
"196","X642"
"197","X644355"
"198","X665874"
"199","X670516"
"200","X67575"
"201","X68"
"202","X68287"
"203","X683756"
"204","X694002"
"205","X724"
"206","X72763"
"207","X75"
"208","X75654"
"209","X76890"
"210","X80865"
"211","X816"
"212","X836"
"213","X83618"
"214","X83654"
"215","X838"
"216","X84567"
"217","X848"
"218","X85413"
"219","X86795"
"220","X88"
"221","X88138"
"222","X89966"
"223","X906"
"224","X909656"
"225","X92793"
"226","X93217"
"227","X963"
"228","X970"
