"","group_id","timepoint","shannon"
"1","Azithromycin","Day 0-2",1.33217904021012
"2","Azithromycin","Day 0-2",0.693147180559945
"3","Azithromycin","Day 0-2",0.693147180559945
"4","Other ABX","Day 0-2",1.55958115625988
"5","No ABX","Day 4-6",0
"6","Other ABX","Day 0-2",0.693147180559945
"7","No ABX","Day 0-2",0
"8","Azithromycin","Day 0-2",1.03619878481928
"9","Azithromycin","Day 0-2",1.33217904021012
"10","Azithromycin","Day 0-2",0
"11","Other ABX","Day 0-2",0
"12","Other ABX","Day 0-2",0.636514168294813
"13","Azithromycin","Day 0-2",1.95868526115974
"14","Other ABX","Day 4-6",1.03972077083992
"15","Other ABX","Day 0-2",1.82704229357761
"16","Other ABX","Day 0-2",0.562335144618808
"17","Azithromycin","Day 0-2",1.32088834314932
"18","Azithromycin","Day 0-2",0
"19","Azithromycin","Day 0-2",0
"20","Azithromycin","Day 0-2",1.15805104969053
"21","Azithromycin","Day 0-2",1.242453324894
"22","Other ABX","Day 0-2",0.636514168294813
"23","Azithromycin","Day 4-6",2.20478541691352
"24","Azithromycin","Day 4-6",1.09861228866811
"25","Azithromycin","Day 0-2",0.693147180559945
"26","Azithromycin","Day 0-2",1.47507631105469
"27","Azithromycin","Day 0-2",1.74786809746676
"28","Azithromycin","Day 0-2",1.03972077083992
"29","Azithromycin","Day 0-2",1.4361807370912
"30","No ABX","Day 0-2",0.930671318779186
"31","Other ABX","Day 4-6",1.30148106838743
"32","Azithromycin","Day 0-2",0.355712859746894
"33","Azithromycin","Day 0-2",0
"34","No ABX","Day 4-6",1.27400513615791
"35","Azithromycin","Day 0-2",1.32966134885476
"36","Other ABX","Day 0-2",1.01140426470735
"37","Other ABX","Day 4-6",1.03972077083992
"38","Azithromycin","Day 0-2",1.00424247305408
"39","No ABX","Day 0-2",0.562335144618808
"40","Azithromycin","Day 0-2",0.500402423538188
"41","No ABX","Day 0-2",0
"42","Azithromycin","Day 0-2",1.07899220787758
"43","Azithromycin","Day 0-2",0
"44","Other ABX","Day 0-2",1.67623493913473
"45","Other ABX","Day 0-2",0.693147180559945
"46","Other ABX","Day 0-2",0.796311640173813
"47","Azithromycin","Day 4-6",1.09861228866811
"48","No ABX","Day 0-2",0.636514168294813
"49","No ABX","Day 4-6",0.950270539233235
"50","Azithromycin","Day 0-2",1.65497401199698
"51","Other ABX","Day 0-2",0
"52","Azithromycin","Day 0-2",1.49417513828931
"53","Azithromycin","Day 4-6",1.8905242751844
"54","Other ABX","Day 0-2",1.09861228866811
"55","Other ABX","Day 0-2",1.2130075659799
"56","Azithromycin","Day 0-2",0.636514168294813
"57","Other ABX","Day 0-2",1.75097347342799
"58","Other ABX","Day 0-2",0
"59","Azithromycin","Day 0-2",1.49417513828931
"60","Other ABX","Day 0-2",1.41427906512471
"61","Azithromycin","Day 0-2",1.63079910458564
"62","Other ABX","Day 0-2",0.683738905848754
"63","Azithromycin","Day 0-2",1.09861228866811
"64","Other ABX","Day 0-2",0.687092027379972
"65","Other ABX","Day 0-2",0
"66","Azithromycin","Day 0-2",0.636514168294813
"67","Azithromycin","Day 0-2",1.70048016806075
"68","Azithromycin","Day 0-2",0
"69","No ABX","Day 4-6",0.562335144618808
"70","Azithromycin","Day 4-6",0.796311640173813
"71","Azithromycin","Day 4-6",1.710493230055
"72","Azithromycin","Day 0-2",0
"73","Other ABX","Day 0-2",0.636514168294813
"74","Other ABX","Day 0-2",1.07004731469048
"75","Azithromycin","Day 0-2",1.6094379124341
"76","No ABX","Day 0-2",1.38629436111989
"77","No ABX","Day 0-2",0
"78","Azithromycin","Day 0-2",0.688138813713588
"79","Azithromycin","Day 0-2",0
"80","Azithromycin","Day 0-2",0
"81","No ABX","Day 0-2",0
"82","Azithromycin","Day 0-2",1.03972077083992
"83","Azithromycin","Day 0-2",1.8047484896413
"84","No ABX","Day 4-6",1.09861228866811
"85","Azithromycin","Day 4-6",1.37849742178298
"86","Azithromycin","Day 4-6",1.35359135213461
"87","Other ABX","Day 0-2",0.693147180559945
"88","Azithromycin","Day 4-6",0
"89","Azithromycin","Day 0-2",1.06085694715802
"90","Azithromycin","Day 0-2",0
"91","Other ABX","Day 4-6",1.59344328565909
"92","No ABX","Day 0-2",1.79175946922806
"93","Azithromycin","Day 0-2",1.74786809746676
"94","Azithromycin","Day 0-2",0
"95","Other ABX","Day 4-6",0
"96","Azithromycin","Day 0-2",1.67262544615032
"97","Azithromycin","Day 0-2",0
"98","Azithromycin","Day 4-6",1.30309240376172
"99","Azithromycin","Day 0-2",1.83781938162066
"100","Azithromycin","Day 0-2",1.6094379124341
"101","Other ABX","Day 0-2",0.907535294105009
"102","Azithromycin","Day 4-6",2.25138562052574
"103","No ABX","Day 0-2",1.66505209085226
"104","Azithromycin","Day 0-2",0.955699891112534
"105","Azithromycin","Day 4-6",0
"106","Other ABX","Day 0-2",0.693147180559945
"107","Other ABX","Day 0-2",0.636514168294813
"108","Azithromycin","Day 0-2",1.09861228866811
"109","Azithromycin","Day 0-2",1.09861228866811
"110","No ABX","Day 0-2",0
"111","No ABX","Day 4-6",1.80381964616487
"112","Azithromycin","Day 4-6",0
"113","No ABX","Day 0-2",0
"114","Other ABX","Day 0-2",0
"115","Other ABX","Day 0-2",0
"116","Azithromycin","Day 0-2",1.62745032628331
"117","Other ABX","Day 0-2",0.693147180559945
"118","Other ABX","Day 0-2",0
"119","Azithromycin","Day 0-2",0.900256051268537
"120","Other ABX","Day 0-2",0
"121","No ABX","Day 4-6",0.48510450039094
"122","No ABX","Day 0-2",0.693147180559945
"123","Azithromycin","Day 0-2",0
"124","Other ABX","Day 0-2",1.03972077083992
"125","Azithromycin","Day 0-2",0
"126","No ABX","Day 0-2",0.950270539233235
"127","Azithromycin","Day 0-2",0.693147180559945
"128","No ABX","Day 0-2",1.09861228866811
"129","Other ABX","Day 0-2",1.79815897910213
"130","Other ABX","Day 0-2",0.428631105757374
"131","No ABX","Day 0-2",0.693147180559945
"132","Azithromycin","Day 0-2",2.13219224008789
"133","Other ABX","Day 0-2",0.636514168294813
"134","Azithromycin","Day 0-2",0.693147180559945
"135","Azithromycin","Day 4-6",1.47809293049945
"136","Azithromycin","Day 0-2",1.27001815191049
"137","Azithromycin","Day 0-2",1.76776147228933
"138","No ABX","Day 4-6",1.56071040904141
"139","No ABX","Day 0-2",0
"140","Azithromycin","Day 0-2",1.27703425946614
"141","Other ABX","Day 4-6",0
"142","No ABX","Day 0-2",1.09861228866811
"143","Azithromycin","Day 0-2",0.693147180559945
"144","Other ABX","Day 0-2",0.955699891112534
"145","Other ABX","Day 4-6",1.6777456399355
"146","No ABX","Day 0-2",0
"147","Azithromycin","Day 0-2",0.759295102922524
"148","Azithromycin","Day 4-6",0.733541748763649
"149","Azithromycin","Day 4-6",0
"150","Other ABX","Day 0-2",0.562335144618808
"151","Azithromycin","Day 0-2",1.50568077836006
"152","Azithromycin","Day 0-2",1.64173471218752
"153","Azithromycin","Day 0-2",1.38629436111989
"154","Azithromycin","Day 0-2",0
"155","No ABX","Day 0-2",0.997873767871472
"156","No ABX","Day 4-6",0
"157","Other ABX","Day 0-2",0
"158","Azithromycin","Day 0-2",1.47507631105469
"159","Azithromycin","Day 0-2",0
"160","Azithromycin","Day 0-2",1.09861228866811
"161","Other ABX","Day 0-2",0
"162","Other ABX","Day 0-2",1.74786809746676
"163","Other ABX","Day 0-2",1.67698777432242
"164","No ABX","Day 0-2",0
"165","Other ABX","Day 0-2",1.50478828368119
"166","Azithromycin","Day 0-2",1.09861228866811
"167","Azithromycin","Day 0-2",0.639031859650177
"168","Other ABX","Day 0-2",0
"169","Other ABX","Day 0-2",0.149994923610415
"170","Other ABX","Day 0-2",0.176326264540061
"171","Azithromycin","Day 0-2",0.636514168294813
"172","Other ABX","Day 4-6",0.500402423538188
"173","Azithromycin","Day 0-2",1.21488965394912
"174","Azithromycin","Day 0-2",2.06143304350064
"175","Azithromycin","Day 4-6",2.00417261421649
"176","No ABX","Day 4-6",1.05492016798614
"177","No ABX","Day 0-2",0
"178","No ABX","Day 0-2",0.811982726043406
"179","Azithromycin","Day 0-2",1.89911007614544
"180","Azithromycin","Day 0-2",1.2130075659799
"181","Azithromycin","Day 0-2",1.90853528164356
"182","Azithromycin","Day 0-2",1.75653673990849
"183","Azithromycin","Day 0-2",1.037129268358
"184","Azithromycin","Day 0-2",0.917965327851265
"185","Azithromycin","Day 0-2",0
"186","Azithromycin","Day 4-6",0
"187","Other ABX","Day 0-2",1.90419119734007
"188","Other ABX","Day 4-6",1.77065856638512
"189","Azithromycin","Day 4-6",1.05492016798614
"190","Azithromycin","Day 0-2",1.4201164366885
"191","Azithromycin","Day 0-2",1.38629436111989
"192","Azithromycin","Day 0-2",1.8047302458538
"193","Azithromycin","Day 0-2",1.63079910458564
"194","No ABX","Day 0-2",1.82938744634874
"195","Azithromycin","Day 0-2",1.01326902624973
"196","Azithromycin","Day 0-2",0.470235962355249
"197","Azithromycin","Day 0-2",1.06094424079075
"198","Other ABX","Day 0-2",1.38629436111989
"199","Other ABX","Day 0-2",1.01140426470735
"200","Azithromycin","Day 0-2",1.32966134885476
"201","No ABX","Day 4-6",1.53672246943722
"202","Other ABX","Day 0-2",0.693147180559945
"203","Other ABX","Day 0-2",1.850000785203
"204","Other ABX","Day 0-2",0.583891540603351
"205","Azithromycin","Day 4-6",1.80650716526167
"206","Azithromycin","Day 0-2",1.01266311038503
"207","Azithromycin","Day 0-2",1.56071040904141
"208","Azithromycin","Day 0-2",2.02532622077007
"209","Azithromycin","Day 0-2",1.16828245017656
"210","No ABX","Day 0-2",0.859414744009602
"211","Other ABX","Day 0-2",1.60402712056444
"212","Other ABX","Day 0-2",1.89362522458425
"213","Other ABX","Day 0-2",1.97434208489782
"214","Azithromycin","Day 4-6",0
"215","Azithromycin","Day 0-2",1.80891138493597
"216","Azithromycin","Day 0-2",0.679193265991526
"217","Azithromycin","Day 0-2",1.35286742177536
"218","No ABX","Day 0-2",0.958691859325372
"219","Other ABX","Day 0-2",1.20735283738435
"220","Azithromycin","Day 4-6",0
"221","Azithromycin","Day 4-6",1.09861228866811
"222","Azithromycin","Day 4-6",1.33217904021012
"223","Other ABX","Day 0-2",0.325082973391448
"224","Azithromycin","Day 0-2",1.83027035364005
"225","Azithromycin","Day 0-2",1.30082930175919
"226","No ABX","Day 4-6",1.03972077083992
"227","No ABX","Day 0-2",0.636514168294813
"228","Azithromycin","Day 0-2",1.05492016798614
"229","Other ABX","Day 0-2",0.682908104700472
"230","Other ABX","Day 0-2",0.410116318288409
"231","Other ABX","Day 0-2",0.693147180559945
"232","Other ABX","Day 0-2",0.61286945246195
"233","No ABX","Day 0-2",0
"234","Other ABX","Day 0-2",0
"235","Azithromycin","Day 0-2",1.67262544615032
"236","Azithromycin","Day 0-2",0.693147180559945
"237","No ABX","Day 0-2",1.03972077083992
"238","Other ABX","Day 0-2",1.6218592463856
"239","Azithromycin","Day 0-2",0.682908104700472
"240","Other ABX","Day 0-2",0
"241","Other ABX","Day 0-2",0.759547391474863
"242","Other ABX","Day 0-2",0
"243","Other ABX","Day 4-6",0
"244","Azithromycin","Day 0-2",2.16919257038803
"245","No ABX","Day 0-2",1.16851840574309
"246","Azithromycin","Day 0-2",1.88246678973838
"247","Azithromycin","Day 0-2",0.995026990179521
"248","Azithromycin","Day 0-2",1.22060726455302
"249","No ABX","Day 4-6",0.693147180559945
"250","Other ABX","Day 0-2",1.99764701053057
"251","Other ABX","Day 0-2",1.94638801626879
"252","Azithromycin","Day 0-2",1.242453324894
"253","Other ABX","Day 0-2",0
"254","Other ABX","Day 0-2",0.523630631495933
"255","No ABX","Day 0-2",0.636514168294813
"256","Azithromycin","Day 0-2",0.500402423538188
"257","Other ABX","Day 0-2",1.80763165619193
"258","Other ABX","Day 4-6",0
"259","Azithromycin","Day 0-2",0.944416331750475
"260","Other ABX","Day 0-2",0.867563228481461
"261","Azithromycin","Day 0-2",1.61625729022076
"262","Azithromycin","Day 0-2",1.79731584722309
"263","No ABX","Day 4-6",1.20569777201152
"264","Azithromycin","Day 0-2",1.94355697036519
"265","Azithromycin","Day 0-2",0.548117880441845
"266","Azithromycin","Day 0-2",1.91988293913505
"267","Azithromycin","Day 0-2",0.693147180559945
"268","Azithromycin","Day 0-2",0.746477709484478
"269","Azithromycin","Day 0-2",1.6493041116373
"270","Other ABX","Day 0-2",1.02003695840184
"271","Azithromycin","Day 0-2",0.24970700502113
"272","Other ABX","Day 0-2",2.05678076463207
"273","Other ABX","Day 0-2",1.6660518654221
"274","No ABX","Day 0-2",1.31078367809971
"275","No ABX","Day 4-6",1.26347949406503
"276","Azithromycin","Day 0-2",2.23580990359382
"277","Other ABX","Day 0-2",0.88186313134152
"278","Other ABX","Day 0-2",1.2130075659799
"279","No ABX","Day 0-2",1.42412991734677
"280","Azithromycin","Day 0-2",1.00761210401622
"281","Azithromycin","Day 0-2",1.69488093808131
"282","Azithromycin","Day 0-2",1.76948841531069
"283","Azithromycin","Day 0-2",1.03972077083992
"284","Azithromycin","Day 0-2",0.636514168294813
"285","Other ABX","Day 0-2",0.500402423538188
"286","Azithromycin","Day 0-2",0.693147180559945
"287","Azithromycin","Day 0-2",0.450561208866305
"288","Azithromycin","Day 0-2",1.16159133432945
"289","Azithromycin","Day 0-2",2.05554480794729
"290","Other ABX","Day 0-2",0.636514168294813
"291","No ABX","Day 4-6",0.376770161256437
"292","No ABX","Day 0-2",1.35923670066501
"293","Azithromycin","Day 0-2",0
"294","Other ABX","Day 0-2",1.96523704938023
"295","Other ABX","Day 4-6",1.58225888467519
"296","Azithromycin","Day 0-2",1.47507631105469
"297","Azithromycin","Day 0-2",1.86811129228579
"298","Other ABX","Day 0-2",1.2130075659799
"299","Azithromycin","Day 0-2",2.02587192879525
"300","Other ABX","Day 0-2",0
"301","Other ABX","Day 0-2",0.636514168294813
"302","Other ABX","Day 0-2",1.03865131556752
"303","Azithromycin","Day 0-2",0.958934315932404
"304","Azithromycin","Day 0-2",0.693147180559945
"305","No ABX","Day 0-2",1.11425424855562
"306","Other ABX","Day 0-2",0.803742107316203
"307","Other ABX","Day 4-6",1.28590694591592
"308","No ABX","Day 0-2",1.39061935686839
"309","Other ABX","Day 0-2",0.942277561377615
"310","Other ABX","Day 4-6",1.64997581253344
"311","No ABX","Day 0-2",0.710185650438784
"312","Other ABX","Day 4-6",0.275816373617716
"313","Other ABX","Day 0-2",0.817027226415741
"314","No ABX","Day 4-6",0.331087661933098
"315","Other ABX","Day 4-6",0.0388837247954491
"316","Other ABX","Day 0-2",1.01140426470735
"317","Other ABX","Day 0-2",1.84736963057246
"318","No ABX","Day 0-2",1.83478434511891
"319","Other ABX","Day 0-2",0.703284390030979
"320","No ABX","Day 4-6",1.25679995635699
"321","Azithromycin","Day 0-2",1.7856603652023
"322","Azithromycin","Day 0-2",1.46883542780389
"323","No ABX","Day 0-2",0.796311640173813
"324","Azithromycin","Day 0-2",1.53574900574322
"325","Azithromycin","Day 0-2",1.90690946579757
"326","Azithromycin","Day 0-2",1.97045880159311
"327","Other ABX","Day 0-2",1.00987525975668
"328","No ABX","Day 0-2",1.7237546163556
"329","No ABX","Day 4-6",1.97482954198086
"330","Azithromycin","Day 0-2",2.0009343310031
"331","Other ABX","Day 4-6",1.15425476923557
"332","Azithromycin","Day 0-2",1.21353458321526
"333","Azithromycin","Day 0-2",1.72454516703041
"334","Other ABX","Day 0-2",1.32448306444704
"335","Other ABX","Day 0-2",0.48140352180652
"336","Azithromycin","Day 0-2",1.30301589439948
"337","Other ABX","Day 0-2",1.70410923234824
"338","No ABX","Day 0-2",1.64433566792216
"339","No ABX","Day 4-6",0.930626844107749
"340","No ABX","Day 0-2",0.692626798924835
"341","Other ABX","Day 0-2",1.08398071030419
"342","Other ABX","Day 0-2",0.464160174566893
"343","No ABX","Day 0-2",0.530394984130274
"344","No ABX","Day 4-6",1.27338769547326
"345","Azithromycin","Day 0-2",0
"346","Other ABX","Day 0-2",0.0900432040778791
"347","Other ABX","Day 0-2",1.31618298843929
"348","Other ABX","Day 0-2",0
"349","No ABX","Day 4-6",1.33459058949231
"350","No ABX","Day 0-2",1.09120244142121
"351","Other ABX","Day 0-2",1.92419396034746
"352","Azithromycin","Day 0-2",0
"353","Azithromycin","Day 4-6",2.04814356236166
"354","Azithromycin","Day 0-2",0.520565422953938
"355","No ABX","Day 0-2",1.90615474653985
"356","Other ABX","Day 0-2",0
"357","Other ABX","Day 0-2",0
"358","No ABX","Day 4-6",1.27703425946614
"359","Azithromycin","Day 0-2",1.09478022600795
"360","Other ABX","Day 4-6",1.38629436111989
"361","Azithromycin","Day 0-2",1.27475715478002
"362","Other ABX","Day 0-2",0.562335144618808
"363","Other ABX","Day 0-2",0
"364","Other ABX","Day 0-2",0
"365","Azithromycin","Day 4-6",1.67181726600384
"366","Other ABX","Day 4-6",1.61914056388743
"367","Other ABX","Day 0-2",0
"368","Other ABX","Day 4-6",0.636514168294813
"369","No ABX","Day 0-2",1.78796892851948
"370","No ABX","Day 4-6",0.655817537458162
"371","Other ABX","Day 0-2",1.09861228866811
"372","Other ABX","Day 4-6",0
"373","Other ABX","Day 0-2",1.05492016798614
"374","Azithromycin","Day 0-2",0
"375","Azithromycin","Day 0-2",0
"376","Azithromycin","Day 4-6",1.2130075659799
"377","Azithromycin","Day 4-6",2.00406590674667
"378","Azithromycin","Day 0-2",0.304636097349238
"379","Azithromycin","Day 0-2",1.93832517795117
"380","Azithromycin","Day 0-2",1.96874407377709
"381","Other ABX","Day 0-2",1.38629436111989
"382","Other ABX","Day 0-2",1.94656229049327
"383","Azithromycin","Day 0-2",1.05492016798614
"384","Azithromycin","Day 4-6",1.03972077083992
"385","Other ABX","Day 4-6",0
"386","No ABX","Day 0-2",1.09861228866811
"387","No ABX","Day 4-6",0
"388","Azithromycin","Day 0-2",0
"389","Azithromycin","Day 4-6",0.693147180559945
"390","Azithromycin","Day 0-2",0.693147180559945
"391","Azithromycin","Day 4-6",1.54787951667127
"392","Azithromycin","Day 4-6",1.03356205420682
"393","Azithromycin","Day 0-2",1.63263092715435
"394","Azithromycin","Day 0-2",0.699632244224975
"395","Azithromycin","Day 0-2",1.75560827266897
"396","Azithromycin","Day 0-2",1.79175946922806
"397","No ABX","Day 0-2",1.3705917578573
"398","Other ABX","Day 0-2",1.86041901078138
"399","Other ABX","Day 0-2",0
"400","Other ABX","Day 0-2",1.42617329695987
"401","Azithromycin","Day 0-2",0
"402","No ABX","Day 0-2",0
"403","Azithromycin","Day 0-2",1.63970635741561
"404","Azithromycin","Day 0-2",2.2427560149222
"405","Azithromycin","Day 0-2",2.3162416617346
"406","Azithromycin","Day 0-2",0.636514168294813
"407","Azithromycin","Day 0-2",0
"408","Azithromycin","Day 0-2",0
"409","Other ABX","Day 0-2",0.810716028292674
"410","Azithromycin","Day 0-2",0.158410570131791
"411","Azithromycin","Day 0-2",0
"412","Azithromycin","Day 0-2",1.07354284640852
"413","Other ABX","Day 0-2",0.562335144618808
"414","No ABX","Day 0-2",1.15927797092704
"415","No ABX","Day 4-6",0
"416","Azithromycin","Day 0-2",0.693147180559945
"417","Other ABX","Day 4-6",1.29120943429021
"418","Other ABX","Day 0-2",0.872810154204481
"419","Azithromycin","Day 0-2",1.78226429001864
"420","Azithromycin","Day 0-2",1.71707598019888
"421","Azithromycin","Day 0-2",0.983087758574785
"422","Azithromycin","Day 0-2",0.269173297605699
"423","No ABX","Day 4-6",1.51471853890734
"424","Other ABX","Day 0-2",1.09861228866811
"425","Other ABX","Day 0-2",1.51067725562347
"426","Other ABX","Day 0-2",0.682908104700472
"427","Azithromycin","Day 0-2",0.693147180559945
"428","No ABX","Day 0-2",0.610864302054893
"429","Other ABX","Day 0-2",1.40990850382313
"430","Other ABX","Day 4-6",1.37781950803903
"431","Azithromycin","Day 0-2",0.950270539233235
"432","Azithromycin","Day 0-2",1.7578727874776
"433","Azithromycin","Day 0-2",0.450561208866305
"434","Azithromycin","Day 0-2",1.9143051754298
"435","Azithromycin","Day 0-2",1.3515989255557
"436","No ABX","Day 4-6",1.05492016798614
"437","Azithromycin","Day 0-2",0
"438","No ABX","Day 0-2",0
"439","Azithromycin","Day 0-2",0
"440","Other ABX","Day 0-2",0
"441","Azithromycin","Day 0-2",1.93380999892063
"442","No ABX","Day 0-2",1.11999035565037
"443","Other ABX","Day 4-6",1.40714923604453
"444","Azithromycin","Day 0-2",0.885574151576672
"445","Azithromycin","Day 0-2",1.81477841163549
"446","Azithromycin","Day 4-6",1.99150936135661
"447","No ABX","Day 4-6",0
"448","Azithromycin","Day 0-2",0
"449","Azithromycin","Day 0-2",0
"450","No ABX","Day 0-2",1.09861228866811
"451","Other ABX","Day 4-6",1.43917411542133
"452","Azithromycin","Day 0-2",1.32966134885476
"453","Other ABX","Day 4-6",0.979628173784301
"454","Other ABX","Day 4-6",1.09861228866811
"455","Azithromycin","Day 4-6",0.500402423538188
"456","Other ABX","Day 0-2",1.37346859410268
"457","Other ABX","Day 4-6",1.4402347497046
"458","Azithromycin","Day 0-2",0.562335144618808
"459","Azithromycin","Day 0-2",0.693147180559945
"460","No ABX","Day 4-6",1.07513932400537
"461","Azithromycin","Day 0-2",0.410116318288409
"462","Azithromycin","Day 0-2",1.88485668422573
"463","No ABX","Day 0-2",1.31078367809971
"464","Other ABX","Day 0-2",1.38629436111989
"465","Other ABX","Day 0-2",1.37781950803903
"466","No ABX","Day 0-2",0.701713400885107
"467","Azithromycin","Day 0-2",1.56071040904141
"468","Azithromycin","Day 0-2",0.693147180559945
"469","No ABX","Day 4-6",0.867563228481461
"470","Other ABX","Day 0-2",0.735621939758795
"471","Other ABX","Day 0-2",1.09861228866811
"472","No ABX","Day 4-6",1.33217904021012
"473","Azithromycin","Day 0-2",1.09861228866811
"474","Azithromycin","Day 0-2",0
"475","No ABX","Day 0-2",1.5396544474401
"476","Azithromycin","Day 0-2",1.09861228866811
"477","Other ABX","Day 0-2",0
"478","Other ABX","Day 4-6",1.32966134885476
"479","Azithromycin","Day 0-2",1.37958240685937
"480","Azithromycin","Day 0-2",1.66604323238932
"481","Azithromycin","Day 0-2",1.09861228866811
"482","Azithromycin","Day 0-2",0
"483","Azithromycin","Day 4-6",0
"484","Azithromycin","Day 0-2",0
"485","Azithromycin","Day 0-2",0
"486","Azithromycin","Day 0-2",1.6094379124341
"487","Azithromycin","Day 0-2",1.09861228866811
"488","Other ABX","Day 0-2",0.693147180559945
"489","Azithromycin","Day 0-2",0
"490","Azithromycin","Day 0-2",0
"491","No ABX","Day 0-2",2.05090986193805
"492","Azithromycin","Day 0-2",1.27703425946614
"493","No ABX","Day 4-6",0
"494","Other ABX","Day 0-2",1.2130075659799
"495","Azithromycin","Day 0-2",1.09861228866811
"496","Other ABX","Day 0-2",0
"497","Azithromycin","Day 0-2",1.49987700839224
"498","Other ABX","Day 0-2",0
"499","Azithromycin","Day 0-2",1.73286795139986
"500","No ABX","Day 4-6",1.03972077083992
"501","No ABX","Day 0-2",0.617241769730342
"502","Azithromycin","Day 0-2",1.82737604727699
"503","Azithromycin","Day 0-2",0.693147180559945
"504","Azithromycin","Day 0-2",1.49417513828931
"505","Azithromycin","Day 0-2",0.693147180559945
"506","Azithromycin","Day 0-2",0
"507","Other ABX","Day 0-2",1.01140426470735
"508","Azithromycin","Day 0-2",1.91108369128526
"509","Azithromycin","Day 0-2",0.636514168294813
"510","Other ABX","Day 0-2",0
"511","No ABX","Day 0-2",0
"512","Azithromycin","Day 0-2",0.693147180559945
"513","Azithromycin","Day 0-2",1.03972077083992
"514","Azithromycin","Day 0-2",1.33217904021012
"515","Azithromycin","Day 0-2",0
"516","Azithromycin","Day 0-2",0.636514168294813
"517","Azithromycin","Day 0-2",1.33979428028558
"518","Azithromycin","Day 4-6",0
"519","No ABX","Day 4-6",0.950270539233235
"520","Other ABX","Day 0-2",0
"521","Azithromycin","Day 0-2",1.84622021932163
"522","Other ABX","Day 0-2",1.91613710873331
"523","Other ABX","Day 0-2",0
"524","No ABX","Day 0-2",1.04663870439793
"525","No ABX","Day 4-6",0.348832095843032
"526","No ABX","Day 0-2",0.598269588585257
"527","Other ABX","Day 0-2",1.33217904021012
"528","Other ABX","Day 0-2",0
"529","Azithromycin","Day 0-2",0
"530","No ABX","Day 4-6",0
"531","No ABX","Day 0-2",1.05492016798614
"532","Azithromycin","Day 0-2",0
"533","Azithromycin","Day 0-2",0.901977880626658
"534","Azithromycin","Day 0-2",0.693147180559945
"535","Azithromycin","Day 0-2",0.950270539233235
"536","Azithromycin","Day 0-2",1.14484338738739
"537","No ABX","Day 0-2",1.03972077083992
"538","No ABX","Day 4-6",1.55958115625988
"539","Other ABX","Day 0-2",0.806147374662395
"540","Azithromycin","Day 4-6",2.30374386031612
"541","Azithromycin","Day 0-2",0.693147180559945
"542","Azithromycin","Day 4-6",1.242453324894
"543","No ABX","Day 0-2",1.16487291190137
"544","Azithromycin","Day 0-2",1.51634815288241
"545","Other ABX","Day 0-2",0
"546","Other ABX","Day 0-2",0
"547","Other ABX","Day 0-2",0
"548","Other ABX","Day 0-2",1.5498260458782
"549","Other ABX","Day 0-2",0
"550","Other ABX","Day 0-2",1.92512119079082
"551","No ABX","Day 0-2",1.05492016798614
"552","Azithromycin","Day 0-2",0
"553","Azithromycin","Day 0-2",0.0579075174881343
"554","Azithromycin","Day 0-2",0.676773431458796
"555","Azithromycin","Day 0-2",1.09861228866811
"556","Other ABX","Day 4-6",2.01708552520942
"557","Azithromycin","Day 0-2",2.07944154167984
"558","Azithromycin","Day 0-2",1.82007597536062
"559","Azithromycin","Day 0-2",1.01140426470735
"560","Azithromycin","Day 0-2",1.84989815186856
"561","No ABX","Day 0-2",1.15374194270109
"562","Azithromycin","Day 0-2",0
"563","No ABX","Day 0-2",1.1645953713992
"564","Azithromycin","Day 0-2",0
"565","No ABX","Day 0-2",0
"566","Azithromycin","Day 0-2",1.2366848691405
"567","No ABX","Day 0-2",1.5972914631752
"568","Azithromycin","Day 0-2",1.55986740802118
"569","Azithromycin","Day 0-2",0.636514168294813
"570","Azithromycin","Day 0-2",0.693147180559945
"571","Other ABX","Day 0-2",1.09861228866811
"572","No ABX","Day 0-2",0.562335144618808
"573","Azithromycin","Day 4-6",1.70947277658421
"574","No ABX","Day 0-2",0.693147180559945
"575","Azithromycin","Day 4-6",1.01140426470735
"576","Azithromycin","Day 4-6",0.348832095843032
"577","Azithromycin","Day 0-2",2.11430813095153
"578","Azithromycin","Day 0-2",1.76776147228933
"579","Azithromycin","Day 0-2",1.56071040904141
"580","Azithromycin","Day 0-2",1.54183273828636
"581","Azithromycin","Day 0-2",1.03972077083992
"582","Other ABX","Day 0-2",1.89640068870757
"583","No ABX","Day 4-6",1.33351549374515
"584","Other ABX","Day 0-2",1.40724566304757
"585","Azithromycin","Day 0-2",1.48748296641785
"586","No ABX","Day 0-2",1.59741671248676
"587","Other ABX","Day 0-2",1.38234305895198
"588","Azithromycin","Day 0-2",1.34315435114037
"589","No ABX","Day 4-6",0.950270539233235
"590","Azithromycin","Day 0-2",1.53777654970671
"591","Azithromycin","Day 0-2",1.66679610375721
"592","No ABX","Day 0-2",1.03972077083992
"593","Azithromycin","Day 0-2",0.625678725464963
"594","Azithromycin","Day 0-2",1.27985422583367
"595","Azithromycin","Day 0-2",1.03972077083992
"596","Other ABX","Day 0-2",1.32175583998232
"597","Other ABX","Day 0-2",1.03972077083992
"598","Azithromycin","Day 0-2",0.867563228481461
"599","No ABX","Day 0-2",1.93380999892063
"600","Azithromycin","Day 0-2",1.27985422583367
"601","Other ABX","Day 4-6",1.97920451743432
"602","Azithromycin","Day 0-2",1.33217904021012
"603","Other ABX","Day 0-2",0.562335144618808
"604","No ABX","Day 0-2",1.89338985268483
"605","Azithromycin","Day 0-2",1.72982013037992
"606","Azithromycin","Day 0-2",1.83672937680434
"607","Azithromycin","Day 4-6",1.40148550271821
"608","No ABX","Day 4-6",0
"609","Azithromycin","Day 0-2",1.73286795139986
"610","Azithromycin","Day 0-2",1.15883026780819
"611","Azithromycin","Day 0-2",0
"612","Azithromycin","Day 0-2",0.799263435942078
"613","No ABX","Day 0-2",0
"614","Other ABX","Day 0-2",0
"615","Other ABX","Day 0-2",0.867563228481461
"616","Other ABX","Day 0-2",0
"617","Azithromycin","Day 0-2",0
"618","Azithromycin","Day 0-2",1.27703425946614
"619","No ABX","Day 0-2",0
"620","Azithromycin","Day 0-2",0
"621","Azithromycin","Day 0-2",1.64693898041731
"622","Other ABX","Day 0-2",0.693147180559945
"623","No ABX","Day 0-2",0.693147180559945
"624","Azithromycin","Day 0-2",2.15941737501804
"625","Azithromycin","Day 0-2",1.09861228866811
"626","Azithromycin","Day 0-2",1.75713515579336
"627","Azithromycin","Day 0-2",0
"628","Other ABX","Day 0-2",0
"629","Azithromycin","Day 0-2",2.07417173782702
"630","Other ABX","Day 0-2",0.636514168294813
"631","Other ABX","Day 0-2",0.443757284260148
"632","Azithromycin","Day 0-2",1.886453124002
"633","No ABX","Day 4-6",1.61161927704607
"634","No ABX","Day 0-2",1.88349049758116
"635","Azithromycin","Day 0-2",0.540204142388861
"636","Other ABX","Day 0-2",1.07679340247921
"637","Other ABX","Day 0-2",1.05040975208594
"638","Other ABX","Day 0-2",1.19804497545444
"639","Other ABX","Day 0-2",0.693147180559945
"640","Other ABX","Day 0-2",1.18733142291086
"641","Azithromycin","Day 0-2",1.96976688754901
"642","Azithromycin","Day 0-2",0.636514168294813
"643","Azithromycin","Day 0-2",2.00512261877151
"644","No ABX","Day 0-2",1.29190600734467
"645","Azithromycin","Day 4-6",1.55958115625988
"646","Azithromycin","Day 4-6",1.17105986999037
"647","Azithromycin","Day 4-6",2.01781064550503
"648","Azithromycin","Day 4-6",0
"649","No ABX","Day 0-2",0.95866671337305
"650","Azithromycin","Day 0-2",1.92644076819787
"651","Azithromycin","Day 0-2",1.78184902629312
"652","Other ABX","Day 4-6",1.28605733687438
"653","Other ABX","Day 0-2",1.66230196407478
"654","Azithromycin","Day 0-2",0.693147180559945
"655","No ABX","Day 0-2",1.07594896111671
"656","No ABX","Day 4-6",1.06142645898758
"657","Other ABX","Day 0-2",1.32966134885476
"658","Azithromycin","Day 0-2",2.22412759704487
"659","Azithromycin","Day 0-2",1.05492016798614
"660","Azithromycin","Day 4-6",1.93452888669716
"661","No ABX","Day 0-2",1.57886554929962
"662","No ABX","Day 4-6",0.746448905518254
"663","Other ABX","Day 0-2",1.78467208732499
"664","Other ABX","Day 4-6",1.60083156678248
"665","Azithromycin","Day 0-2",0.615062863602295
"666","Azithromycin","Day 4-6",1.75643130135662
"667","Other ABX","Day 4-6",1.81825566996095
"668","Other ABX","Day 0-2",0.917245915717075
"669","No ABX","Day 0-2",0.911017539712563
"670","Azithromycin","Day 0-2",1.90042628877741
"671","Azithromycin","Day 0-2",1.54337647191669
"672","Azithromycin","Day 0-2",1.27985422583367
"673","Azithromycin","Day 0-2",2.08883653442753
"674","Other ABX","Day 0-2",1.31085308897004
"675","Azithromycin","Day 0-2",1.18245989143729
"676","Azithromycin","Day 0-2",2.14789964531896
"677","Azithromycin","Day 0-2",0.661563238157982
"678","Other ABX","Day 0-2",1.1423860867061
"679","No ABX","Day 0-2",1.136916591833
"680","No ABX","Day 4-6",0.69510423652653
"681","Azithromycin","Day 0-2",1.40513055225636
"682","Azithromycin","Day 0-2",1.52532228191468
"683","No ABX","Day 4-6",0
"684","No ABX","Day 0-2",1.01140426470735
"685","Other ABX","Day 4-6",0.973292082589962
"686","No ABX","Day 4-6",2.00191615383926
"687","Azithromycin","Day 0-2",1.92174512051363
"688","Other ABX","Day 0-2",1.19271918793839
"689","Azithromycin","Day 0-2",0.0693948810408789
"690","Azithromycin","Day 0-2",1.89490424100449
"691","Azithromycin","Day 0-2",1.72616892344372
"692","Other ABX","Day 0-2",1.51578063186165
"693","Other ABX","Day 0-2",1.79258307094541
"694","Azithromycin","Day 0-2",0.682908104700472
"695","No ABX","Day 0-2",1.83411511716097
"696","Other ABX","Day 0-2",1.44570938489652
"697","Other ABX","Day 0-2",0.950564567813642
"698","Other ABX","Day 0-2",1.18519568484979
"699","Other ABX","Day 4-6",1.97910783761055
"700","Azithromycin","Day 0-2",1.77447683921806
"701","No ABX","Day 0-2",2.08605554268085
"702","No ABX","Day 4-6",1.82640095469042
"703","Azithromycin","Day 0-2",1.090978886209
"704","Azithromycin","Day 4-6",0
"705","Azithromycin","Day 0-2",0
"706","Azithromycin","Day 0-2",1.90109819808535
"707","Azithromycin","Day 0-2",0.693147180559945
"708","Other ABX","Day 0-2",2.14996464392039
"709","Other ABX","Day 0-2",0
"710","Azithromycin","Day 0-2",0.500402423538188
"711","Azithromycin","Day 4-6",0.991771522357594
"712","No ABX","Day 0-2",2.45831381421464
"713","Other ABX","Day 0-2",2.1737137645279
"714","Azithromycin","Day 0-2",1.71383004205914
"715","Azithromycin","Day 0-2",1.89805392343905
"716","Azithromycin","Day 0-2",1.6313454208086
"717","Azithromycin","Day 0-2",1.43084032436975
"718","No ABX","Day 0-2",1.51647344588046
"719","Other ABX","Day 0-2",1.47305432620105
"720","Other ABX","Day 0-2",0.857174043642079
"721","Other ABX","Day 0-2",0
"722","Azithromycin","Day 0-2",1.36494930262827
"723","Azithromycin","Day 0-2",1.05492016798614
"724","Azithromycin","Day 0-2",0.973648923197263
"725","Azithromycin","Day 0-2",1.86706343625786
"726","Azithromycin","Day 0-2",1.33217904021012
"727","Azithromycin","Day 0-2",1.81095114282253
"728","Azithromycin","Day 0-2",1.53798710111736
"729","Other ABX","Day 0-2",1.49386696004031
"730","Other ABX","Day 0-2",0.693147180559945
"731","Other ABX","Day 0-2",1.86995053629899
"732","Azithromycin","Day 0-2",2.02772910715234
"733","No ABX","Day 0-2",1.35642419881436
"734","Azithromycin","Day 0-2",1.17547777229375
"735","No ABX","Day 0-2",1.69574253416963
"736","Azithromycin","Day 4-6",1.7637478099603
"737","Azithromycin","Day 0-2",0
"738","Azithromycin","Day 0-2",2.14478045064722
"739","No ABX","Day 4-6",2.16575129629171
"740","Azithromycin","Day 0-2",1.43730049932448
"741","Azithromycin","Day 0-2",1.75000379888639
"742","No ABX","Day 0-2",0.685954057170235
"743","Azithromycin","Day 0-2",2.18362838985616
"744","Other ABX","Day 0-2",0.607224442578328
"745","No ABX","Day 4-6",1.07201696856319
"746","Azithromycin","Day 0-2",0.282738880066873
"747","No ABX","Day 0-2",1.22453081669646
"748","Other ABX","Day 0-2",1.38629436111989
"749","Other ABX","Day 0-2",1.6328436783713
"750","Other ABX","Day 0-2",1.02965301406457
"751","Other ABX","Day 0-2",1.28485794014697
"752","Other ABX","Day 0-2",0.673011667009257
"753","Other ABX","Day 0-2",0.576782147819448
"754","Other ABX","Day 0-2",0.881532261188164
"755","Azithromycin","Day 0-2",1.6094379124341
"756","Other ABX","Day 0-2",0.994353691762369
"757","Other ABX","Day 0-2",0.063961714103983
"758","Other ABX","Day 0-2",1.59416669911802
"759","Other ABX","Day 0-2",1.6315464625591
"760","No ABX","Day 0-2",0
"761","Other ABX","Day 0-2",0.779511937933378
"762","No ABX","Day 4-6",0.636514168294813
"763","Azithromycin","Day 0-2",1.75045776554126
"764","Azithromycin","Day 0-2",1.73892072162015
"765","Azithromycin","Day 0-2",1.76503682645893
"766","Azithromycin","Day 0-2",2.07764338718359
"767","Other ABX","Day 4-6",2.0112074064474
"768","Azithromycin","Day 0-2",1.03972077083992
"769","No ABX","Day 4-6",1.46481638489081
"770","No ABX","Day 0-2",1.50478828368119
"771","Other ABX","Day 4-6",2.11400968593819
"772","Azithromycin","Day 0-2",2.46998039597542
"773","No ABX","Day 0-2",0.673011667009257
"774","Azithromycin","Day 0-2",2.0808424832981
"775","Azithromycin","Day 0-2",1.03972077083992
"776","Azithromycin","Day 0-2",1.38629436111989
"777","Azithromycin","Day 0-2",0.741674495840537
"778","No ABX","Day 4-6",0
"779","Azithromycin","Day 0-2",0
"780","Azithromycin","Day 0-2",0
"781","Other ABX","Day 0-2",0
"782","No ABX","Day 0-2",1.90013876719117
"783","No ABX","Day 4-6",1.45278755444143
"784","Other ABX","Day 4-6",0.636514168294813
"785","Azithromycin","Day 0-2",1.40489340796319
"786","Azithromycin","Day 0-2",0
"787","Azithromycin","Day 0-2",1.00561791056006
"788","Azithromycin","Day 4-6",2.00611603916435
"789","Azithromycin","Day 4-6",1.53767951549246
"790","Azithromycin","Day 0-2",1.63431352519793
"791","No ABX","Day 0-2",1.36600630654848
"792","Azithromycin","Day 0-2",1.84899573027386
"793","Azithromycin","Day 0-2",1.82006195293755
"794","Azithromycin","Day 4-6",0
"795","Azithromycin","Day 0-2",2.21027089695541
"796","No ABX","Day 0-2",0
"797","Azithromycin","Day 0-2",1.24567804357891
"798","Other ABX","Day 4-6",1.94296649216813
"799","Azithromycin","Day 0-2",1.47829047954973
"800","Other ABX","Day 4-6",0.636514168294813
"801","No ABX","Day 0-2",1.84051475279363
"802","Azithromycin","Day 0-2",1.88519537703844
"803","Azithromycin","Day 4-6",1.65259316042816
"804","Other ABX","Day 0-2",1.03972077083992
"805","Other ABX","Day 0-2",1.31701384575073
"806","Azithromycin","Day 0-2",2.19691041945682
"807","Azithromycin","Day 0-2",1.77156057595056
"808","No ABX","Day 4-6",0.553393904755444
"809","Azithromycin","Day 0-2",1.78424669054652
"810","Azithromycin","Day 0-2",1.65903827670197
"811","No ABX","Day 0-2",1.33217904021012
"812","Other ABX","Day 0-2",0.693147180559945
"813","Azithromycin","Day 0-2",2.25886757512118
"814","Azithromycin","Day 0-2",1.05492016798614
"815","Azithromycin","Day 0-2",1.33217904021012
"816","Other ABX","Day 0-2",1.19884931291362
"817","Other ABX","Day 0-2",0.51409669733995
"818","Other ABX","Day 0-2",0.998133421410386
"819","Other ABX","Day 0-2",1.93256918090348
"820","Other ABX","Day 4-6",0
"821","Other ABX","Day 0-2",1.27703425946614
"822","Azithromycin","Day 0-2",0
"823","Azithromycin","Day 0-2",1.67548078770954
"824","Other ABX","Day 0-2",1.32088834314932
"825","Other ABX","Day 0-2",0.0922160573371918
"826","Azithromycin","Day 4-6",0.630675153040265
"827","No ABX","Day 0-2",1.60606996377239
"828","No ABX","Day 4-6",0.693147180559945
"829","Azithromycin","Day 0-2",1.58238515081028
"830","Azithromycin","Day 0-2",1.66746193342929
"831","No ABX","Day 4-6",1.42706104338072
"832","Azithromycin","Day 4-6",1.60762894044
"833","No ABX","Day 0-2",0.643118143608093
"834","Azithromycin","Day 0-2",1.62522366909773
"835","Azithromycin","Day 0-2",1.95836829315987
"836","No ABX","Day 4-6",1.83345689953818
"837","Azithromycin","Day 4-6",1.30820284854037
"838","Azithromycin","Day 0-2",1.76223476981227
"839","Other ABX","Day 0-2",1.7045514452673
"840","Azithromycin","Day 0-2",0.950270539233235
"841","Azithromycin","Day 0-2",0.562335144618808
"842","No ABX","Day 4-6",2.07944154167984
"843","Azithromycin","Day 4-6",1.31143133747324
"844","Other ABX","Day 4-6",1.50580465135745
"845","Other ABX","Day 0-2",1.03972077083992
"846","Azithromycin","Day 0-2",0
"847","Azithromycin","Day 0-2",0.673011667009257
"848","No ABX","Day 0-2",0
"849","Azithromycin","Day 0-2",0
"850","Azithromycin","Day 0-2",0.124250837389631
"851","Other ABX","Day 4-6",1.00635870135276
"852","Azithromycin","Day 0-2",1.2130075659799
"853","Azithromycin","Day 0-2",1.08290206045382
"854","Other ABX","Day 4-6",0.956182965282599
"855","Azithromycin","Day 0-2",0
"856","Azithromycin","Day 0-2",1.27873209092026
"857","Azithromycin","Day 0-2",1.33217904021012
"858","Azithromycin","Day 0-2",2.50729355944745
"859","Azithromycin","Day 0-2",1.09861228866811
"860","Other ABX","Day 0-2",1.6239242989867
"861","Other ABX","Day 0-2",0.950270539233235
"862","No ABX","Day 0-2",0
"863","Azithromycin","Day 0-2",0
"864","Azithromycin","Day 0-2",1.29050728992502
"865","No ABX","Day 4-6",1.53472811600563
"866","No ABX","Day 0-2",0.628516384662627
"867","Other ABX","Day 0-2",1.14905969697062
"868","Other ABX","Day 0-2",0.693147180559945
"869","Azithromycin","Day 0-2",0.721405994617806
"870","Azithromycin","Day 0-2",1.31610882018809
"871","Other ABX","Day 4-6",0.950270539233235
"872","No ABX","Day 0-2",0
"873","Other ABX","Day 4-6",1.79309401341105
"874","No ABX","Day 4-6",1.64173471218752
"875","Other ABX","Day 0-2",0
"876","Azithromycin","Day 0-2",0.306829153440971
"877","Other ABX","Day 0-2",0
"878","Azithromycin","Day 0-2",2.12577614914559
"879","No ABX","Day 0-2",0
"880","Azithromycin","Day 0-2",1.56073495552035
"881","Azithromycin","Day 0-2",1.35339744905947
"882","Azithromycin","Day 0-2",0
"883","Azithromycin","Day 0-2",0.509337673472908
"884","Azithromycin","Day 0-2",1.15374194270109
"885","Azithromycin","Day 0-2",1.33217904021012
"886","Azithromycin","Day 0-2",1.03972077083992
"887","Azithromycin","Day 0-2",1.7468147435051
"888","No ABX","Day 0-2",0.562335144618808
"889","Other ABX","Day 0-2",0.636514168294813
"890","Azithromycin","Day 0-2",0.955699891112534
"891","Azithromycin","Day 0-2",1.61253110221498
"892","No ABX","Day 4-6",1.38962276371704
"893","No ABX","Day 0-2",1.56071040904141
"894","No ABX","Day 0-2",1.183138762368
"895","No ABX","Day 4-6",1.48706344821354
"896","Azithromycin","Day 0-2",1.75276538630985
"897","Azithromycin","Day 0-2",0.636514168294813
"898","Azithromycin","Day 0-2",1.94591014905531
"899","Azithromycin","Day 0-2",1.09861228866811
"900","No ABX","Day 0-2",2.01490841357068
"901","No ABX","Day 0-2",1.28682218129571
"902","No ABX","Day 4-6",1.04442006573932
"903","No ABX","Day 0-2",0
"904","Other ABX","Day 0-2",0
"905","No ABX","Day 4-6",0
"906","No ABX","Day 0-2",1.76426784734766
"907","No ABX","Day 4-6",0.736826437548859
"908","No ABX","Day 0-2",1.51710639706103
"909","No ABX","Day 4-6",0
"910","No ABX","Day 0-2",1.31883948813125
"911","Other ABX","Day 0-2",1.97267054097446
"912","Other ABX","Day 4-6",0.937155853065701
"913","Other ABX","Day 4-6",0
"914","Azithromycin","Day 0-2",0.693147180559945
"915","Azithromycin","Day 0-2",0
"916","Azithromycin","Day 0-2",0.693147180559945
"917","Other ABX","Day 0-2",0.693147180559945
"918","Azithromycin","Day 0-2",0
"919","Other ABX","Day 0-2",1.53814351366943
"920","Other ABX","Day 0-2",0
"921","Azithromycin","Day 0-2",1.48187712988795
"922","No ABX","Day 0-2",1.30664699894535
"923","Azithromycin","Day 0-2",0.369559234287433
"924","Other ABX","Day 0-2",0
"925","Other ABX","Day 0-2",1.63084243780227
"926","Other ABX","Day 0-2",1.09861228866811
"927","Other ABX","Day 0-2",0
"928","Other ABX","Day 4-6",0
"929","Azithromycin","Day 0-2",0.693147180559945
"930","Azithromycin","Day 4-6",0
"931","Azithromycin","Day 0-2",0.876205725913497
"932","No ABX","Day 4-6",1.37602207081315
"933","No ABX","Day 0-2",0.500402423538188
"934","Other ABX","Day 0-2",1.09861228866811
"935","Other ABX","Day 4-6",0.693147180559945
"936","No ABX","Day 0-2",0.693147180559945
"937","Azithromycin","Day 0-2",0.688138813713588
"938","Azithromycin","Day 0-2",1.62221894575163
"939","No ABX","Day 4-6",0.854806284951481
"940","No ABX","Day 0-2",0.999076968569037
"941","Azithromycin","Day 4-6",1.6094379124341
"942","Other ABX","Day 0-2",0.450561208866305
"943","Azithromycin","Day 0-2",1.87403184770981
"944","Azithromycin","Day 4-6",0.636514168294813
"945","Azithromycin","Day 0-2",2.06253424433043
"946","Azithromycin","Day 0-2",0.636514168294813
"947","Azithromycin","Day 0-2",0
"948","Azithromycin","Day 0-2",1.08598015462756
"949","Other ABX","Day 0-2",1.46806020349905
"950","Azithromycin","Day 0-2",1.74889199676804
"951","Other ABX","Day 0-2",1.03972077083992
"952","Azithromycin","Day 0-2",2.32891462815029
"953","No ABX","Day 4-6",1.07922112287863
"954","No ABX","Day 0-2",0.693147180559945
"955","Azithromycin","Day 0-2",0.444298166841
"956","Other ABX","Day 0-2",1.19496305619229
"957","Other ABX","Day 4-6",0
"958","No ABX","Day 4-6",1.83698407479164
"959","No ABX","Day 0-2",0.450561208866305
"960","No ABX","Day 4-6",0.735621939758795
"961","No ABX","Day 0-2",1.09834497672493
"962","Azithromycin","Day 0-2",0
"963","Other ABX","Day 0-2",0.759547391474863
"964","Other ABX","Day 0-2",0.562335144618808
"965","Other ABX","Day 0-2",2.01455135143714
"966","Other ABX","Day 4-6",0.562335144618808
"967","No ABX","Day 0-2",1.41466090849704
"968","Other ABX","Day 0-2",1.05492016798614
"969","Other ABX","Day 0-2",1.69447835578729
"970","Azithromycin","Day 0-2",0.693147180559945
"971","Azithromycin","Day 0-2",1.27703425946614
